attribute_0,symboling,wheel-base,length,width,height,curb-weight,num-of-cylinders,engine-size,compression-ratio,city-mpg,highway-mpg,make_alfa-romero,make_audi,make_bmw,make_chevrolet,make_dodge,make_honda,make_isuzu,make_jaguar,make_mazda,make_mercedes-benz,make_mercury,make_mitsubishi,make_nissan,make_peugot,make_plymouth,make_porsche,make_renault,make_saab,make_subaru,make_toyota,make_volkswagen,make_volvo,fuel-type_diesel,fuel-type_gas,aspiration_std,aspiration_turbo,body-style_convertible,body-style_hardtop,body-style_hatchback,body-style_sedan,body-style_wagon,drive-wheels_4wd,drive-wheels_fwd,drive-wheels_rwd,engine-location_front,engine-location_rear,engine-type_dohc,engine-type_l,engine-type_ohc,engine-type_ohcf,engine-type_ohcv,engine-type_rotor,fuel-system_1bbl,fuel-system_2bbl,fuel-system_4bbl,fuel-system_idi,fuel-system_mfi,fuel-system_mpfi,fuel-system_spdi,fuel-system_spfi,normalized-losses,num-of-doors,bore,stroke,peak-rpm,class,price
0,3.0,88.6,168.8,64.1,48.8,2548.0,4,130.0,9.0,21,27,1,0,0,0,0,0,0,0,0,0,0,0,0,0,0,0,0,0,0,0,0,0,0,1,1,0,1,0,0,0,0,0,0,1,1,0,1,0,0,0,0,0,0,0,0,0,0,1,0,0,122.0,2.0,3.47,2.68,5000.0,111.0,13495
1,3.0,88.6,168.8,64.1,48.8,2548.0,4,130.0,9.0,21,27,1,0,0,0,0,0,0,0,0,0,0,0,0,0,0,0,0,0,0,0,0,0,0,1,1,0,1,0,0,0,0,0,0,1,1,0,1,0,0,0,0,0,0,0,0,0,0,1,0,0,122.0,2.0,3.47,2.68,5000.0,111.0,16500
2,1.0,94.5,171.2,65.5,52.4,2823.0,6,152.0,9.0,19,26,1,0,0,0,0,0,0,0,0,0,0,0,0,0,0,0,0,0,0,0,0,0,0,1,1,0,0,0,1,0,0,0,0,1,1,0,0,0,0,0,1,0,0,0,0,0,0,1,0,0,122.0,2.0,2.68,3.47,5000.0,154.0,16500
3,2.0,99.8,176.6,66.2,54.3,2337.0,4,109.0,10.0,24,30,0,1,0,0,0,0,0,0,0,0,0,0,0,0,0,0,0,0,0,0,0,0,0,1,1,0,0,0,0,1,0,0,1,0,1,0,0,0,1,0,0,0,0,0,0,0,0,1,0,0,164.0,4.0,3.19,3.4,5500.0,102.0,13950
4,2.0,99.4,176.6,66.4,54.3,2824.0,5,136.0,8.0,18,22,0,1,0,0,0,0,0,0,0,0,0,0,0,0,0,0,0,0,0,0,0,0,0,1,1,0,0,0,0,1,0,1,0,0,1,0,0,0,1,0,0,0,0,0,0,0,0,1,0,0,164.0,4.0,3.19,3.4,5500.0,115.0,17450
5,2.0,99.8,177.3,66.3,53.1,2507.0,5,136.0,8.5,19,25,0,1,0,0,0,0,0,0,0,0,0,0,0,0,0,0,0,0,0,0,0,0,0,1,1,0,0,0,0,1,0,0,1,0,1,0,0,0,1,0,0,0,0,0,0,0,0,1,0,0,122.0,2.0,3.19,3.4,5500.0,110.0,15250
6,1.0,105.8,192.7,71.4,55.7,2844.0,5,136.0,8.5,19,25,0,1,0,0,0,0,0,0,0,0,0,0,0,0,0,0,0,0,0,0,0,0,0,1,1,0,0,0,0,1,0,0,1,0,1,0,0,0,1,0,0,0,0,0,0,0,0,1,0,0,158.0,4.0,3.19,3.4,5500.0,110.0,17710
7,1.0,105.8,192.7,71.4,55.7,2954.0,5,136.0,8.5,19,25,0,1,0,0,0,0,0,0,0,0,0,0,0,0,0,0,0,0,0,0,0,0,0,1,1,0,0,0,0,0,1,0,1,0,1,0,0,0,1,0,0,0,0,0,0,0,0,1,0,0,122.0,4.0,3.19,3.4,5500.0,110.0,18920
8,1.0,105.8,192.7,71.4,55.9,3086.0,5,131.0,8.3,17,20,0,1,0,0,0,0,0,0,0,0,0,0,0,0,0,0,0,0,0,0,0,0,0,1,0,1,0,0,0,1,0,0,1,0,1,0,0,0,1,0,0,0,0,0,0,0,0,1,0,0,158.0,4.0,3.13,3.4,5500.0,140.0,23875
9,2.0,101.2,176.8,64.8,54.3,2395.0,4,108.0,8.8,23,29,0,0,1,0,0,0,0,0,0,0,0,0,0,0,0,0,0,0,0,0,0,0,0,1,1,0,0,0,0,1,0,0,0,1,1,0,0,0,1,0,0,0,0,0,0,0,0,1,0,0,192.0,2.0,3.5,2.8,5800.0,101.0,16430
10,0.0,101.2,176.8,64.8,54.3,2395.0,4,108.0,8.8,23,29,0,0,1,0,0,0,0,0,0,0,0,0,0,0,0,0,0,0,0,0,0,0,0,1,1,0,0,0,0,1,0,0,0,1,1,0,0,0,1,0,0,0,0,0,0,0,0,1,0,0,192.0,4.0,3.5,2.8,5800.0,101.0,16925
11,0.0,101.2,176.8,64.8,54.3,2710.0,6,164.0,9.0,21,28,0,0,1,0,0,0,0,0,0,0,0,0,0,0,0,0,0,0,0,0,0,0,0,1,1,0,0,0,0,1,0,0,0,1,1,0,0,0,1,0,0,0,0,0,0,0,0,1,0,0,188.0,2.0,3.31,3.19,4250.0,121.0,20970
12,0.0,101.2,176.8,64.8,54.3,2765.0,6,164.0,9.0,21,28,0,0,1,0,0,0,0,0,0,0,0,0,0,0,0,0,0,0,0,0,0,0,0,1,1,0,0,0,0,1,0,0,0,1,1,0,0,0,1,0,0,0,0,0,0,0,0,1,0,0,188.0,4.0,3.31,3.19,4250.0,121.0,21105
13,1.0,103.5,189.0,66.9,55.7,3055.0,6,164.0,9.0,20,25,0,0,1,0,0,0,0,0,0,0,0,0,0,0,0,0,0,0,0,0,0,0,0,1,1,0,0,0,0,1,0,0,0,1,1,0,0,0,1,0,0,0,0,0,0,0,0,1,0,0,122.0,4.0,3.31,3.19,4250.0,121.0,24565
14,0.0,103.5,189.0,66.9,55.7,3230.0,6,209.0,8.0,16,22,0,0,1,0,0,0,0,0,0,0,0,0,0,0,0,0,0,0,0,0,0,0,0,1,1,0,0,0,0,1,0,0,0,1,1,0,0,0,1,0,0,0,0,0,0,0,0,1,0,0,122.0,4.0,3.62,3.39,5400.0,182.0,30760
15,0.0,103.5,193.8,67.9,53.7,3380.0,6,209.0,8.0,16,22,0,0,1,0,0,0,0,0,0,0,0,0,0,0,0,0,0,0,0,0,0,0,0,1,1,0,0,0,0,1,0,0,0,1,1,0,0,0,1,0,0,0,0,0,0,0,0,1,0,0,122.0,2.0,3.62,3.39,5400.0,182.0,41315
16,0.0,110.0,197.0,70.9,56.3,3505.0,6,209.0,8.0,15,20,0,0,1,0,0,0,0,0,0,0,0,0,0,0,0,0,0,0,0,0,0,0,0,1,1,0,0,0,0,1,0,0,0,1,1,0,0,0,1,0,0,0,0,0,0,0,0,1,0,0,122.0,4.0,3.62,3.39,5400.0,182.0,36880
17,2.0,88.4,141.1,60.3,53.2,1488.0,3,61.0,9.5,47,53,0,0,0,1,0,0,0,0,0,0,0,0,0,0,0,0,0,0,0,0,0,0,0,1,1,0,0,0,1,0,0,0,1,0,1,0,0,1,0,0,0,0,0,1,0,0,0,0,0,0,121.0,2.0,2.91,3.03,5100.0,48.0,5151
18,1.0,94.5,155.9,63.6,52.0,1874.0,4,90.0,9.6,38,43,0,0,0,1,0,0,0,0,0,0,0,0,0,0,0,0,0,0,0,0,0,0,0,1,1,0,0,0,1,0,0,0,1,0,1,0,0,0,1,0,0,0,0,1,0,0,0,0,0,0,98.0,2.0,3.03,3.11,5400.0,70.0,6295
19,0.0,94.5,158.8,63.6,52.0,1909.0,4,90.0,9.6,38,43,0,0,0,1,0,0,0,0,0,0,0,0,0,0,0,0,0,0,0,0,0,0,0,1,1,0,0,0,0,1,0,0,1,0,1,0,0,0,1,0,0,0,0,1,0,0,0,0,0,0,81.0,4.0,3.03,3.11,5400.0,70.0,6575
20,1.0,93.7,157.3,63.8,50.8,1876.0,4,90.0,9.41,37,41,0,0,0,0,1,0,0,0,0,0,0,0,0,0,0,0,0,0,0,0,0,0,0,1,1,0,0,0,1,0,0,0,1,0,1,0,0,0,1,0,0,0,0,1,0,0,0,0,0,0,118.0,2.0,2.97,3.23,5500.0,68.0,5572
21,1.0,93.7,157.3,63.8,50.8,1876.0,4,90.0,9.4,31,38,0,0,0,0,1,0,0,0,0,0,0,0,0,0,0,0,0,0,0,0,0,0,0,1,1,0,0,0,1,0,0,0,1,0,1,0,0,0,1,0,0,0,0,1,0,0,0,0,0,0,118.0,2.0,2.97,3.23,5500.0,68.0,6377
22,1.0,93.7,157.3,63.8,50.8,2128.0,4,98.0,7.6,24,30,0,0,0,0,1,0,0,0,0,0,0,0,0,0,0,0,0,0,0,0,0,0,0,1,0,1,0,0,1,0,0,0,1,0,1,0,0,0,1,0,0,0,0,0,0,0,0,1,0,0,118.0,2.0,3.03,3.39,5500.0,102.0,7957
23,1.0,93.7,157.3,63.8,50.6,1967.0,4,90.0,9.4,31,38,0,0,0,0,1,0,0,0,0,0,0,0,0,0,0,0,0,0,0,0,0,0,0,1,1,0,0,0,1,0,0,0,1,0,1,0,0,0,1,0,0,0,0,1,0,0,0,0,0,0,148.0,4.0,2.97,3.23,5500.0,68.0,6229
24,1.0,93.7,157.3,63.8,50.6,1989.0,4,90.0,9.4,31,38,0,0,0,0,1,0,0,0,0,0,0,0,0,0,0,0,0,0,0,0,0,0,0,1,1,0,0,0,0,1,0,0,1,0,1,0,0,0,1,0,0,0,0,1,0,0,0,0,0,0,148.0,4.0,2.97,3.23,5500.0,68.0,6692
25,1.0,93.7,157.3,63.8,50.6,1989.0,4,90.0,9.4,31,38,0,0,0,0,1,0,0,0,0,0,0,0,0,0,0,0,0,0,0,0,0,0,0,1,1,0,0,0,0,1,0,0,1,0,1,0,0,0,1,0,0,0,0,1,0,0,0,0,0,0,148.0,4.0,2.97,3.23,5500.0,68.0,7609
26,1.0,93.7,157.3,63.8,50.6,2191.0,4,98.0,7.6,24,30,0,0,0,0,1,0,0,0,0,0,0,0,0,0,0,0,0,0,0,0,0,0,0,1,0,1,0,0,0,1,0,0,1,0,1,0,0,0,1,0,0,0,0,0,0,0,0,1,0,0,148.0,3.135678391959799,3.03,3.39,5500.0,102.0,8558
27,-1.0,103.3,174.6,64.6,59.8,2535.0,4,122.0,8.5,24,30,0,0,0,0,1,0,0,0,0,0,0,0,0,0,0,0,0,0,0,0,0,0,0,1,1,0,0,0,0,0,1,0,1,0,1,0,0,0,1,0,0,0,0,1,0,0,0,0,0,0,110.0,4.0,3.34,3.46,5000.0,88.0,8921
28,3.0,95.9,173.2,66.3,50.2,2811.0,4,156.0,7.0,19,24,0,0,0,0,1,0,0,0,0,0,0,0,0,0,0,0,0,0,0,0,0,0,0,1,0,1,0,0,1,0,0,0,1,0,1,0,0,0,1,0,0,0,0,0,0,0,1,0,0,0,145.0,2.0,3.6,3.9,5000.0,145.0,12964
29,2.0,86.6,144.6,63.9,50.8,1713.0,4,92.0,9.6,49,54,0,0,0,0,0,1,0,0,0,0,0,0,0,0,0,0,0,0,0,0,0,0,0,1,1,0,0,0,1,0,0,0,1,0,1,0,0,0,1,0,0,0,1,0,0,0,0,0,0,0,137.0,2.0,2.91,3.41,4800.0,58.0,6479
30,2.0,86.6,144.6,63.9,50.8,1819.0,4,92.0,9.2,31,38,0,0,0,0,0,1,0,0,0,0,0,0,0,0,0,0,0,0,0,0,0,0,0,1,1,0,0,0,1,0,0,0,1,0,1,0,0,0,1,0,0,0,1,0,0,0,0,0,0,0,137.0,2.0,2.91,3.41,6000.0,76.0,6855
31,1.0,93.7,150.0,64.0,52.6,1837.0,4,79.0,10.1,38,42,0,0,0,0,0,1,0,0,0,0,0,0,0,0,0,0,0,0,0,0,0,0,0,1,1,0,0,0,1,0,0,0,1,0,1,0,0,0,1,0,0,0,1,0,0,0,0,0,0,0,101.0,2.0,2.91,3.07,5500.0,60.0,5399
32,1.0,93.7,150.0,64.0,52.6,1940.0,4,92.0,9.2,30,34,0,0,0,0,0,1,0,0,0,0,0,0,0,0,0,0,0,0,0,0,0,0,0,1,1,0,0,0,1,0,0,0,1,0,1,0,0,0,1,0,0,0,1,0,0,0,0,0,0,0,101.0,2.0,2.91,3.41,6000.0,76.0,6529
33,1.0,93.7,150.0,64.0,52.6,1956.0,4,92.0,9.2,30,34,0,0,0,0,0,1,0,0,0,0,0,0,0,0,0,0,0,0,0,0,0,0,0,1,1,0,0,0,1,0,0,0,1,0,1,0,0,0,1,0,0,0,1,0,0,0,0,0,0,0,101.0,2.0,2.91,3.41,6000.0,76.0,7129
34,0.0,96.5,163.4,64.0,54.5,2010.0,4,92.0,9.2,30,34,0,0,0,0,0,1,0,0,0,0,0,0,0,0,0,0,0,0,0,0,0,0,0,1,1,0,0,0,0,1,0,0,1,0,1,0,0,0,1,0,0,0,1,0,0,0,0,0,0,0,110.0,4.0,2.91,3.41,6000.0,76.0,7295
35,0.0,96.5,157.1,63.9,58.3,2024.0,4,92.0,9.2,30,34,0,0,0,0,0,1,0,0,0,0,0,0,0,0,0,0,0,0,0,0,0,0,0,1,1,0,0,0,0,0,1,0,1,0,1,0,0,0,1,0,0,0,1,0,0,0,0,0,0,0,78.0,4.0,2.92,3.41,6000.0,76.0,7295
36,0.0,96.5,167.5,65.2,53.3,2236.0,4,110.0,9.0,27,33,0,0,0,0,0,1,0,0,0,0,0,0,0,0,0,0,0,0,0,0,0,0,0,1,1,0,0,0,1,0,0,0,1,0,1,0,0,0,1,0,0,0,1,0,0,0,0,0,0,0,106.0,2.0,3.15,3.58,5800.0,86.0,7895
37,0.0,96.5,167.5,65.2,53.3,2289.0,4,110.0,9.0,27,33,0,0,0,0,0,1,0,0,0,0,0,0,0,0,0,0,0,0,0,0,0,0,0,1,1,0,0,0,1,0,0,0,1,0,1,0,0,0,1,0,0,0,1,0,0,0,0,0,0,0,106.0,2.0,3.15,3.58,5800.0,86.0,9095
38,0.0,96.5,175.4,65.2,54.1,2304.0,4,110.0,9.0,27,33,0,0,0,0,0,1,0,0,0,0,0,0,0,0,0,0,0,0,0,0,0,0,0,1,1,0,0,0,0,1,0,0,1,0,1,0,0,0,1,0,0,0,1,0,0,0,0,0,0,0,85.0,4.0,3.15,3.58,5800.0,86.0,8845
39,0.0,96.5,175.4,62.5,54.1,2372.0,4,110.0,9.0,27,33,0,0,0,0,0,1,0,0,0,0,0,0,0,0,0,0,0,0,0,0,0,0,0,1,1,0,0,0,0,1,0,0,1,0,1,0,0,0,1,0,0,0,1,0,0,0,0,0,0,0,85.0,4.0,3.15,3.58,5800.0,86.0,10295
40,0.0,96.5,175.4,65.2,54.1,2465.0,4,110.0,9.0,24,28,0,0,0,0,0,1,0,0,0,0,0,0,0,0,0,0,0,0,0,0,0,0,0,1,1,0,0,0,0,1,0,0,1,0,1,0,0,0,1,0,0,0,0,0,0,0,0,1,0,0,85.0,4.0,3.15,3.58,5800.0,101.0,12945
41,1.0,96.5,169.1,66.0,51.0,2293.0,4,110.0,9.1,25,31,0,0,0,0,0,1,0,0,0,0,0,0,0,0,0,0,0,0,0,0,0,0,0,1,1,0,0,0,0,1,0,0,1,0,1,0,0,0,1,0,0,0,0,1,0,0,0,0,0,0,107.0,2.0,3.15,3.58,5500.0,100.0,10345
42,0.0,94.3,170.7,61.8,53.5,2337.0,4,111.0,8.5,24,29,0,0,0,0,0,0,1,0,0,0,0,0,0,0,0,0,0,0,0,0,0,0,0,1,1,0,0,0,0,1,0,0,0,1,1,0,0,0,1,0,0,0,0,1,0,0,0,0,0,0,122.0,4.0,3.31,3.23,4800.0,78.0,6785
43,2.0,96.0,172.6,65.2,51.4,2734.0,4,119.0,9.2,24,29,0,0,0,0,0,0,1,0,0,0,0,0,0,0,0,0,0,0,0,0,0,0,0,1,1,0,0,0,1,0,0,0,0,1,1,0,0,0,1,0,0,0,0,0,0,0,0,0,0,1,122.0,2.0,3.43,3.23,5000.0,90.0,11048
44,0.0,113.0,199.6,69.6,52.8,4066.0,6,258.0,8.1,15,19,0,0,0,0,0,0,0,1,0,0,0,0,0,0,0,0,0,0,0,0,0,0,0,1,1,0,0,0,0,1,0,0,0,1,1,0,1,0,0,0,0,0,0,0,0,0,0,1,0,0,145.0,4.0,3.63,4.17,4750.0,176.0,32250
45,0.0,113.0,199.6,69.6,52.8,4066.0,6,258.0,8.1,15,19,0,0,0,0,0,0,0,1,0,0,0,0,0,0,0,0,0,0,0,0,0,0,0,1,1,0,0,0,0,1,0,0,0,1,1,0,1,0,0,0,0,0,0,0,0,0,0,1,0,0,122.0,4.0,3.63,4.17,4750.0,176.0,35550
46,0.0,102.0,191.7,70.6,47.8,3950.0,12,326.0,11.5,13,17,0,0,0,0,0,0,0,1,0,0,0,0,0,0,0,0,0,0,0,0,0,0,0,1,1,0,0,0,0,1,0,0,0,1,1,0,0,0,0,0,1,0,0,0,0,0,0,1,0,0,122.0,2.0,3.54,2.76,5000.0,262.0,36000
47,1.0,93.1,159.1,64.2,54.1,1890.0,4,91.0,9.0,30,31,0,0,0,0,0,0,0,0,1,0,0,0,0,0,0,0,0,0,0,0,0,0,0,1,1,0,0,0,1,0,0,0,1,0,1,0,0,0,1,0,0,0,0,1,0,0,0,0,0,0,104.0,2.0,3.03,3.15,5000.0,68.0,5195
48,1.0,93.1,159.1,64.2,54.1,1900.0,4,91.0,9.0,31,38,0,0,0,0,0,0,0,0,1,0,0,0,0,0,0,0,0,0,0,0,0,0,0,1,1,0,0,0,1,0,0,0,1,0,1,0,0,0,1,0,0,0,0,1,0,0,0,0,0,0,104.0,2.0,3.03,3.15,5000.0,68.0,6095
49,1.0,93.1,159.1,64.2,54.1,1905.0,4,91.0,9.0,31,38,0,0,0,0,0,0,0,0,1,0,0,0,0,0,0,0,0,0,0,0,0,0,0,1,1,0,0,0,1,0,0,0,1,0,1,0,0,0,1,0,0,0,0,1,0,0,0,0,0,0,104.0,2.0,3.03,3.15,5000.0,68.0,6795
50,1.0,93.1,166.8,64.2,54.1,1945.0,4,91.0,9.0,31,38,0,0,0,0,0,0,0,0,1,0,0,0,0,0,0,0,0,0,0,0,0,0,0,1,1,0,0,0,0,1,0,0,1,0,1,0,0,0,1,0,0,0,0,1,0,0,0,0,0,0,113.0,4.0,3.03,3.15,5000.0,68.0,6695
51,1.0,93.1,166.8,64.2,54.1,1950.0,4,91.0,9.0,31,38,0,0,0,0,0,0,0,0,1,0,0,0,0,0,0,0,0,0,0,0,0,0,0,1,1,0,0,0,0,1,0,0,1,0,1,0,0,0,1,0,0,0,0,1,0,0,0,0,0,0,113.0,4.0,3.08,3.15,5000.0,68.0,7395
52,3.0,95.3,169.0,65.7,49.6,2380.0,2,70.0,9.4,17,23,0,0,0,0,0,0,0,0,1,0,0,0,0,0,0,0,0,0,0,0,0,0,0,1,1,0,0,0,1,0,0,0,0,1,1,0,0,0,0,0,0,1,0,0,1,0,0,0,0,0,150.0,2.0,3.330710659898477,3.256903553299492,6000.0,101.0,10945
53,3.0,95.3,169.0,65.7,49.6,2380.0,2,70.0,9.4,17,23,0,0,0,0,0,0,0,0,1,0,0,0,0,0,0,0,0,0,0,0,0,0,0,1,1,0,0,0,1,0,0,0,0,1,1,0,0,0,0,0,0,1,0,0,1,0,0,0,0,0,150.0,2.0,3.330710659898477,3.256903553299492,6000.0,101.0,11845
54,3.0,95.3,169.0,65.7,49.6,2385.0,2,70.0,9.4,17,23,0,0,0,0,0,0,0,0,1,0,0,0,0,0,0,0,0,0,0,0,0,0,0,1,1,0,0,0,1,0,0,0,0,1,1,0,0,0,0,0,0,1,0,0,1,0,0,0,0,0,150.0,2.0,3.330710659898477,3.256903553299492,6000.0,101.0,13645
55,3.0,95.3,169.0,65.7,49.6,2500.0,2,80.0,9.4,16,23,0,0,0,0,0,0,0,0,1,0,0,0,0,0,0,0,0,0,0,0,0,0,0,1,1,0,0,0,1,0,0,0,0,1,1,0,0,0,0,0,0,1,0,0,0,0,0,1,0,0,150.0,2.0,3.330710659898477,3.256903553299492,6000.0,135.0,15645
56,1.0,98.8,177.8,66.5,53.7,2385.0,4,122.0,8.6,26,32,0,0,0,0,0,0,0,0,1,0,0,0,0,0,0,0,0,0,0,0,0,0,0,1,1,0,0,0,1,0,0,0,1,0,1,0,0,0,1,0,0,0,0,1,0,0,0,0,0,0,129.0,2.0,3.39,3.39,4800.0,84.0,8845
57,0.0,98.8,177.8,66.5,55.5,2410.0,4,122.0,8.6,26,32,0,0,0,0,0,0,0,0,1,0,0,0,0,0,0,0,0,0,0,0,0,0,0,1,1,0,0,0,0,1,0,0,1,0,1,0,0,0,1,0,0,0,0,1,0,0,0,0,0,0,115.0,4.0,3.39,3.39,4800.0,84.0,8495
58,1.0,98.8,177.8,66.5,53.7,2385.0,4,122.0,8.6,26,32,0,0,0,0,0,0,0,0,1,0,0,0,0,0,0,0,0,0,0,0,0,0,0,1,1,0,0,0,1,0,0,0,1,0,1,0,0,0,1,0,0,0,0,1,0,0,0,0,0,0,129.0,2.0,3.39,3.39,4800.0,84.0,10595
59,0.0,98.8,177.8,66.5,55.5,2410.0,4,122.0,8.6,26,32,0,0,0,0,0,0,0,0,1,0,0,0,0,0,0,0,0,0,0,0,0,0,0,1,1,0,0,0,0,1,0,0,1,0,1,0,0,0,1,0,0,0,0,1,0,0,0,0,0,0,115.0,4.0,3.39,3.39,4800.0,84.0,10245
60,0.0,98.8,177.8,66.5,55.5,2443.0,4,122.0,22.7,36,42,0,0,0,0,0,0,0,0,1,0,0,0,0,0,0,0,0,0,0,0,0,0,1,0,1,0,0,0,0,1,0,0,1,0,1,0,0,0,1,0,0,0,0,0,0,1,0,0,0,0,122.0,3.135678391959799,3.39,3.39,4650.0,64.0,10795
61,0.0,98.8,177.8,66.5,55.5,2425.0,4,122.0,8.6,26,32,0,0,0,0,0,0,0,0,1,0,0,0,0,0,0,0,0,0,0,0,0,0,0,1,1,0,0,0,1,0,0,0,1,0,1,0,0,0,1,0,0,0,0,1,0,0,0,0,0,0,115.0,4.0,3.39,3.39,4800.0,84.0,11245
62,0.0,104.9,175.0,66.1,54.4,2670.0,4,140.0,8.0,19,27,0,0,0,0,0,0,0,0,1,0,0,0,0,0,0,0,0,0,0,0,0,0,0,1,1,0,0,0,0,1,0,0,0,1,1,0,0,0,1,0,0,0,0,0,0,0,0,1,0,0,118.0,4.0,3.76,3.16,5000.0,120.0,18280
63,0.0,104.9,175.0,66.1,54.4,2700.0,4,134.0,22.0,31,39,0,0,0,0,0,0,0,0,1,0,0,0,0,0,0,0,0,0,0,0,0,0,1,0,1,0,0,0,0,1,0,0,0,1,1,0,0,0,1,0,0,0,0,0,0,1,0,0,0,0,122.0,4.0,3.43,3.64,4200.0,72.0,18344
64,-1.0,110.0,190.9,70.3,56.5,3515.0,5,183.0,21.5,22,25,0,0,0,0,0,0,0,0,0,1,0,0,0,0,0,0,0,0,0,0,0,0,1,0,0,1,0,0,0,1,0,0,0,1,1,0,0,0,1,0,0,0,0,0,0,1,0,0,0,0,93.0,4.0,3.58,3.64,4350.0,123.0,25552
65,-1.0,110.0,190.9,70.3,58.7,3750.0,5,183.0,21.5,22,25,0,0,0,0,0,0,0,0,0,1,0,0,0,0,0,0,0,0,0,0,0,0,1,0,0,1,0,0,0,0,1,0,0,1,1,0,0,0,1,0,0,0,0,0,0,1,0,0,0,0,93.0,4.0,3.58,3.64,4350.0,123.0,28248
66,0.0,106.7,187.5,70.3,54.9,3495.0,5,183.0,21.5,22,25,0,0,0,0,0,0,0,0,0,1,0,0,0,0,0,0,0,0,0,0,0,0,1,0,0,1,0,1,0,0,0,0,0,1,1,0,0,0,1,0,0,0,0,0,0,1,0,0,0,0,93.0,2.0,3.58,3.64,4350.0,123.0,28176
67,-1.0,115.6,202.6,71.7,56.3,3770.0,5,183.0,21.5,22,25,0,0,0,0,0,0,0,0,0,1,0,0,0,0,0,0,0,0,0,0,0,0,1,0,0,1,0,0,0,1,0,0,0,1,1,0,0,0,1,0,0,0,0,0,0,1,0,0,0,0,93.0,4.0,3.58,3.64,4350.0,123.0,31600
68,-1.0,115.6,202.6,71.7,56.5,3740.0,8,234.0,8.3,16,18,0,0,0,0,0,0,0,0,0,1,0,0,0,0,0,0,0,0,0,0,0,0,0,1,1,0,0,0,0,1,0,0,0,1,1,0,0,0,0,0,1,0,0,0,0,0,0,1,0,0,122.0,4.0,3.46,3.1,4750.0,155.0,34184
69,3.0,96.6,180.3,70.5,50.8,3685.0,8,234.0,8.3,16,18,0,0,0,0,0,0,0,0,0,1,0,0,0,0,0,0,0,0,0,0,0,0,0,1,1,0,1,0,0,0,0,0,0,1,1,0,0,0,0,0,1,0,0,0,0,0,0,1,0,0,142.0,2.0,3.46,3.1,4750.0,155.0,35056
70,0.0,120.9,208.1,71.7,56.7,3900.0,8,308.0,8.0,14,16,0,0,0,0,0,0,0,0,0,1,0,0,0,0,0,0,0,0,0,0,0,0,0,1,1,0,0,0,0,1,0,0,0,1,1,0,0,0,0,0,1,0,0,0,0,0,0,1,0,0,122.0,4.0,3.8,3.35,4500.0,184.0,40960
71,1.0,112.0,199.2,72.0,55.4,3715.0,8,304.0,8.0,14,16,0,0,0,0,0,0,0,0,0,1,0,0,0,0,0,0,0,0,0,0,0,0,0,1,1,0,0,1,0,0,0,0,0,1,1,0,0,0,0,0,1,0,0,0,0,0,0,1,0,0,122.0,2.0,3.8,3.35,4500.0,184.0,45400
72,1.0,102.7,178.4,68.0,54.8,2910.0,4,140.0,8.0,19,24,0,0,0,0,0,0,0,0,0,0,1,0,0,0,0,0,0,0,0,0,0,0,0,1,0,1,0,0,1,0,0,0,0,1,1,0,0,0,1,0,0,0,0,0,0,0,0,1,0,0,122.0,2.0,3.78,3.12,5000.0,175.0,16503
73,2.0,93.7,157.3,64.4,50.8,1918.0,4,92.0,9.4,37,41,0,0,0,0,0,0,0,0,0,0,0,1,0,0,0,0,0,0,0,0,0,0,0,1,1,0,0,0,1,0,0,0,1,0,1,0,0,0,1,0,0,0,0,1,0,0,0,0,0,0,161.0,2.0,2.97,3.23,5500.0,68.0,5389
74,2.0,93.7,157.3,64.4,50.8,1944.0,4,92.0,9.4,31,38,0,0,0,0,0,0,0,0,0,0,0,1,0,0,0,0,0,0,0,0,0,0,0,1,1,0,0,0,1,0,0,0,1,0,1,0,0,0,1,0,0,0,0,1,0,0,0,0,0,0,161.0,2.0,2.97,3.23,5500.0,68.0,6189
75,2.0,93.7,157.3,64.4,50.8,2004.0,4,92.0,9.4,31,38,0,0,0,0,0,0,0,0,0,0,0,1,0,0,0,0,0,0,0,0,0,0,0,1,1,0,0,0,1,0,0,0,1,0,1,0,0,0,1,0,0,0,0,1,0,0,0,0,0,0,161.0,2.0,2.97,3.23,5500.0,68.0,6669
76,1.0,93.0,157.3,63.8,50.8,2145.0,4,98.0,7.6,24,30,0,0,0,0,0,0,0,0,0,0,0,1,0,0,0,0,0,0,0,0,0,0,0,1,0,1,0,0,1,0,0,0,1,0,1,0,0,0,1,0,0,0,0,0,0,0,0,0,1,0,161.0,2.0,3.03,3.39,5500.0,102.0,7689
77,3.0,96.3,173.0,65.4,49.4,2370.0,4,110.0,7.5,23,30,0,0,0,0,0,0,0,0,0,0,0,1,0,0,0,0,0,0,0,0,0,0,0,1,0,1,0,0,1,0,0,0,1,0,1,0,0,0,1,0,0,0,0,0,0,0,0,0,1,0,153.0,2.0,3.17,3.46,5500.0,116.0,9959
78,3.0,96.3,173.0,65.4,49.4,2328.0,4,122.0,8.5,25,32,0,0,0,0,0,0,0,0,0,0,0,1,0,0,0,0,0,0,0,0,0,0,0,1,1,0,0,0,1,0,0,0,1,0,1,0,0,0,1,0,0,0,0,1,0,0,0,0,0,0,153.0,2.0,3.35,3.46,5000.0,88.0,8499
79,3.0,95.9,173.2,66.3,50.2,2833.0,4,156.0,7.0,19,24,0,0,0,0,0,0,0,0,0,0,0,1,0,0,0,0,0,0,0,0,0,0,0,1,0,1,0,0,1,0,0,0,1,0,1,0,0,0,1,0,0,0,0,0,0,0,0,0,1,0,122.0,2.0,3.58,3.86,5000.0,145.0,12629
80,3.0,95.9,173.2,66.3,50.2,2921.0,4,156.0,7.0,19,24,0,0,0,0,0,0,0,0,0,0,0,1,0,0,0,0,0,0,0,0,0,0,0,1,0,1,0,0,1,0,0,0,1,0,1,0,0,0,1,0,0,0,0,0,0,0,0,0,1,0,122.0,2.0,3.59,3.86,5000.0,145.0,14869
81,3.0,95.9,173.2,66.3,50.2,2926.0,4,156.0,7.0,19,24,0,0,0,0,0,0,0,0,0,0,0,1,0,0,0,0,0,0,0,0,0,0,0,1,0,1,0,0,1,0,0,0,1,0,1,0,0,0,1,0,0,0,0,0,0,0,0,0,1,0,122.0,2.0,3.59,3.86,5000.0,145.0,14489
82,1.0,96.3,172.4,65.4,51.6,2365.0,4,122.0,8.5,25,32,0,0,0,0,0,0,0,0,0,0,0,1,0,0,0,0,0,0,0,0,0,0,0,1,1,0,0,0,0,1,0,0,1,0,1,0,0,0,1,0,0,0,0,1,0,0,0,0,0,0,125.0,4.0,3.35,3.46,5000.0,88.0,6989
83,1.0,96.3,172.4,65.4,51.6,2405.0,4,122.0,8.5,25,32,0,0,0,0,0,0,0,0,0,0,0,1,0,0,0,0,0,0,0,0,0,0,0,1,1,0,0,0,0,1,0,0,1,0,1,0,0,0,1,0,0,0,0,1,0,0,0,0,0,0,125.0,4.0,3.35,3.46,5000.0,88.0,8189
84,1.0,96.3,172.4,65.4,51.6,2403.0,4,110.0,7.5,23,30,0,0,0,0,0,0,0,0,0,0,0,1,0,0,0,0,0,0,0,0,0,0,0,1,0,1,0,0,0,1,0,0,1,0,1,0,0,0,1,0,0,0,0,0,0,0,0,0,1,0,125.0,4.0,3.17,3.46,5500.0,116.0,9279
85,-1.0,96.3,172.4,65.4,51.6,2403.0,4,110.0,7.5,23,30,0,0,0,0,0,0,0,0,0,0,0,1,0,0,0,0,0,0,0,0,0,0,0,1,1,0,0,0,0,1,0,0,1,0,1,0,0,0,1,0,0,0,0,0,0,0,0,0,1,0,137.0,4.0,3.17,3.46,5500.0,116.0,9279
86,1.0,94.5,165.3,63.8,54.5,1889.0,4,97.0,9.4,31,37,0,0,0,0,0,0,0,0,0,0,0,0,1,0,0,0,0,0,0,0,0,0,0,1,1,0,0,0,0,1,0,0,1,0,1,0,0,0,1,0,0,0,0,1,0,0,0,0,0,0,128.0,2.0,3.15,3.29,5200.0,69.0,5499
87,1.0,94.5,165.3,63.8,54.5,2017.0,4,103.0,21.9,45,50,0,0,0,0,0,0,0,0,0,0,0,0,1,0,0,0,0,0,0,0,0,0,1,0,1,0,0,0,0,1,0,0,1,0,1,0,0,0,1,0,0,0,0,0,0,1,0,0,0,0,128.0,2.0,2.99,3.47,4800.0,55.0,7099
88,1.0,94.5,165.3,63.8,54.5,1918.0,4,97.0,9.4,31,37,0,0,0,0,0,0,0,0,0,0,0,0,1,0,0,0,0,0,0,0,0,0,0,1,1,0,0,0,0,1,0,0,1,0,1,0,0,0,1,0,0,0,0,1,0,0,0,0,0,0,128.0,2.0,3.15,3.29,5200.0,69.0,6649
89,1.0,94.5,165.3,63.8,54.5,1938.0,4,97.0,9.4,31,37,0,0,0,0,0,0,0,0,0,0,0,0,1,0,0,0,0,0,0,0,0,0,0,1,1,0,0,0,0,1,0,0,1,0,1,0,0,0,1,0,0,0,0,1,0,0,0,0,0,0,122.0,4.0,3.15,3.29,5200.0,69.0,6849
90,1.0,94.5,170.2,63.8,53.5,2024.0,4,97.0,9.4,31,37,0,0,0,0,0,0,0,0,0,0,0,0,1,0,0,0,0,0,0,0,0,0,0,1,1,0,0,0,0,0,1,0,1,0,1,0,0,0,1,0,0,0,0,1,0,0,0,0,0,0,103.0,4.0,3.15,3.29,5200.0,69.0,7349
91,1.0,94.5,165.3,63.8,54.5,1951.0,4,97.0,9.4,31,37,0,0,0,0,0,0,0,0,0,0,0,0,1,0,0,0,0,0,0,0,0,0,0,1,1,0,0,0,0,1,0,0,1,0,1,0,0,0,1,0,0,0,0,1,0,0,0,0,0,0,128.0,2.0,3.15,3.29,5200.0,69.0,7299
92,1.0,94.5,165.6,63.8,53.3,2028.0,4,97.0,9.4,31,37,0,0,0,0,0,0,0,0,0,0,0,0,1,0,0,0,0,0,0,0,0,0,0,1,1,0,0,0,1,0,0,0,1,0,1,0,0,0,1,0,0,0,0,1,0,0,0,0,0,0,128.0,2.0,3.15,3.29,5200.0,69.0,7799
93,1.0,94.5,165.3,63.8,54.5,1971.0,4,97.0,9.4,31,37,0,0,0,0,0,0,0,0,0,0,0,0,1,0,0,0,0,0,0,0,0,0,0,1,1,0,0,0,0,1,0,0,1,0,1,0,0,0,1,0,0,0,0,1,0,0,0,0,0,0,122.0,4.0,3.15,3.29,5200.0,69.0,7499
94,1.0,94.5,170.2,63.8,53.5,2037.0,4,97.0,9.4,31,37,0,0,0,0,0,0,0,0,0,0,0,0,1,0,0,0,0,0,0,0,0,0,0,1,1,0,0,0,0,0,1,0,1,0,1,0,0,0,1,0,0,0,0,1,0,0,0,0,0,0,103.0,4.0,3.15,3.29,5200.0,69.0,7999
95,2.0,95.1,162.4,63.8,53.3,2008.0,4,97.0,9.4,31,37,0,0,0,0,0,0,0,0,0,0,0,0,1,0,0,0,0,0,0,0,0,0,0,1,1,0,0,1,0,0,0,0,1,0,1,0,0,0,1,0,0,0,0,1,0,0,0,0,0,0,168.0,2.0,3.15,3.29,5200.0,69.0,8249
96,0.0,97.2,173.4,65.2,54.7,2324.0,4,120.0,8.5,27,34,0,0,0,0,0,0,0,0,0,0,0,0,1,0,0,0,0,0,0,0,0,0,0,1,1,0,0,0,1,0,0,0,1,0,1,0,0,0,1,0,0,0,0,1,0,0,0,0,0,0,106.0,4.0,3.33,3.47,5200.0,97.0,8949
97,0.0,97.2,173.4,65.2,54.7,2302.0,4,120.0,8.5,27,34,0,0,0,0,0,0,0,0,0,0,0,0,1,0,0,0,0,0,0,0,0,0,0,1,1,0,0,0,0,1,0,0,1,0,1,0,0,0,1,0,0,0,0,1,0,0,0,0,0,0,106.0,4.0,3.33,3.47,5200.0,97.0,9549
98,0.0,100.4,181.7,66.5,55.1,3095.0,6,181.0,9.0,17,22,0,0,0,0,0,0,0,0,0,0,0,0,1,0,0,0,0,0,0,0,0,0,0,1,1,0,0,0,0,1,0,0,1,0,1,0,0,0,0,0,1,0,0,0,0,0,0,1,0,0,128.0,4.0,3.43,3.27,5200.0,152.0,13499
99,0.0,100.4,184.6,66.5,56.1,3296.0,6,181.0,9.0,17,22,0,0,0,0,0,0,0,0,0,0,0,0,1,0,0,0,0,0,0,0,0,0,0,1,1,0,0,0,0,0,1,0,1,0,1,0,0,0,0,0,1,0,0,0,0,0,0,1,0,0,108.0,4.0,3.43,3.27,5200.0,152.0,14399
100,0.0,100.4,184.6,66.5,55.1,3060.0,6,181.0,9.0,19,25,0,0,0,0,0,0,0,0,0,0,0,0,1,0,0,0,0,0,0,0,0,0,0,1,1,0,0,0,0,1,0,0,1,0,1,0,0,0,0,0,1,0,0,0,0,0,0,1,0,0,108.0,4.0,3.43,3.27,5200.0,152.0,13499
101,3.0,91.3,170.7,67.9,49.7,3071.0,6,181.0,9.0,19,25,0,0,0,0,0,0,0,0,0,0,0,0,1,0,0,0,0,0,0,0,0,0,0,1,1,0,0,0,1,0,0,0,0,1,1,0,0,0,0,0,1,0,0,0,0,0,0,1,0,0,194.0,2.0,3.43,3.27,5200.0,160.0,17199
102,3.0,91.3,170.7,67.9,49.7,3139.0,6,181.0,7.8,17,23,0,0,0,0,0,0,0,0,0,0,0,0,1,0,0,0,0,0,0,0,0,0,0,1,0,1,0,0,1,0,0,0,0,1,1,0,0,0,0,0,1,0,0,0,0,0,0,1,0,0,194.0,2.0,3.43,3.27,5200.0,200.0,19699
103,1.0,99.2,178.5,67.9,49.7,3139.0,6,181.0,9.0,19,25,0,0,0,0,0,0,0,0,0,0,0,0,1,0,0,0,0,0,0,0,0,0,0,1,1,0,0,0,1,0,0,0,0,1,1,0,0,0,0,0,1,0,0,0,0,0,0,1,0,0,231.0,2.0,3.43,3.27,5200.0,160.0,18399
104,0.0,107.9,186.7,68.4,56.7,3020.0,4,120.0,8.4,19,24,0,0,0,0,0,0,0,0,0,0,0,0,0,1,0,0,0,0,0,0,0,0,0,1,1,0,0,0,0,1,0,0,0,1,1,0,0,1,0,0,0,0,0,0,0,0,0,1,0,0,161.0,4.0,3.46,3.19,5000.0,97.0,11900
105,0.0,107.9,186.7,68.4,56.7,3197.0,4,152.0,21.0,28,33,0,0,0,0,0,0,0,0,0,0,0,0,0,1,0,0,0,0,0,0,0,0,1,0,0,1,0,0,0,1,0,0,0,1,1,0,0,1,0,0,0,0,0,0,0,1,0,0,0,0,161.0,4.0,3.7,3.52,4150.0,95.0,13200
106,0.0,114.2,198.9,68.4,58.7,3230.0,4,120.0,8.4,19,24,0,0,0,0,0,0,0,0,0,0,0,0,0,1,0,0,0,0,0,0,0,0,0,1,1,0,0,0,0,0,1,0,0,1,1,0,0,1,0,0,0,0,0,0,0,0,0,1,0,0,122.0,4.0,3.46,3.19,5000.0,97.0,12440
107,0.0,114.2,198.9,68.4,58.7,3430.0,4,152.0,21.0,25,25,0,0,0,0,0,0,0,0,0,0,0,0,0,1,0,0,0,0,0,0,0,0,1,0,0,1,0,0,0,0,1,0,0,1,1,0,0,1,0,0,0,0,0,0,0,1,0,0,0,0,122.0,4.0,3.7,3.52,4150.0,95.0,13860
108,0.0,107.9,186.7,68.4,56.7,3075.0,4,120.0,8.4,19,24,0,0,0,0,0,0,0,0,0,0,0,0,0,1,0,0,0,0,0,0,0,0,0,1,1,0,0,0,0,1,0,0,0,1,1,0,0,1,0,0,0,0,0,0,0,0,0,1,0,0,161.0,4.0,3.46,2.19,5000.0,95.0,15580
109,0.0,107.9,186.7,68.4,56.7,3252.0,4,152.0,21.0,28,33,0,0,0,0,0,0,0,0,0,0,0,0,0,1,0,0,0,0,0,0,0,0,1,0,0,1,0,0,0,1,0,0,0,1,1,0,0,1,0,0,0,0,0,0,0,1,0,0,0,0,161.0,4.0,3.7,3.52,4150.0,95.0,16900
110,0.0,114.2,198.9,68.4,56.7,3285.0,4,120.0,8.4,19,24,0,0,0,0,0,0,0,0,0,0,0,0,0,1,0,0,0,0,0,0,0,0,0,1,1,0,0,0,0,0,1,0,0,1,1,0,0,1,0,0,0,0,0,0,0,0,0,1,0,0,122.0,4.0,3.46,2.19,5000.0,95.0,16695
111,0.0,114.2,198.9,68.4,58.7,3485.0,4,152.0,21.0,25,25,0,0,0,0,0,0,0,0,0,0,0,0,0,1,0,0,0,0,0,0,0,0,1,0,0,1,0,0,0,0,1,0,0,1,1,0,0,1,0,0,0,0,0,0,0,1,0,0,0,0,122.0,4.0,3.7,3.52,4150.0,95.0,17075
112,0.0,107.9,186.7,68.4,56.7,3075.0,4,120.0,8.4,19,24,0,0,0,0,0,0,0,0,0,0,0,0,0,1,0,0,0,0,0,0,0,0,0,1,1,0,0,0,0,1,0,0,0,1,1,0,0,1,0,0,0,0,0,0,0,0,0,1,0,0,161.0,4.0,3.46,3.19,5000.0,97.0,16630
113,0.0,107.9,186.7,68.4,56.7,3252.0,4,152.0,21.0,28,33,0,0,0,0,0,0,0,0,0,0,0,0,0,1,0,0,0,0,0,0,0,0,1,0,0,1,0,0,0,1,0,0,0,1,1,0,0,1,0,0,0,0,0,0,0,1,0,0,0,0,161.0,4.0,3.7,3.52,4150.0,95.0,17950
114,0.0,108.0,186.7,68.3,56.0,3130.0,4,134.0,7.0,18,24,0,0,0,0,0,0,0,0,0,0,0,0,0,1,0,0,0,0,0,0,0,0,0,1,0,1,0,0,0,1,0,0,0,1,1,0,0,1,0,0,0,0,0,0,0,0,0,1,0,0,161.0,4.0,3.61,3.21,5600.0,142.0,18150
115,1.0,93.7,157.3,63.8,50.8,1918.0,4,90.0,9.4,37,41,0,0,0,0,0,0,0,0,0,0,0,0,0,0,1,0,0,0,0,0,0,0,0,1,1,0,0,0,1,0,0,0,1,0,1,0,0,0,1,0,0,0,0,1,0,0,0,0,0,0,119.0,2.0,2.97,3.23,5500.0,68.0,5572
116,1.0,93.7,157.3,63.8,50.8,2128.0,4,98.0,7.6,24,30,0,0,0,0,0,0,0,0,0,0,0,0,0,0,1,0,0,0,0,0,0,0,0,1,0,1,0,0,1,0,0,0,1,0,1,0,0,0,1,0,0,0,0,0,0,0,0,0,1,0,119.0,2.0,3.03,3.39,5500.0,102.0,7957
117,1.0,93.7,157.3,63.8,50.6,1967.0,4,90.0,9.4,31,38,0,0,0,0,0,0,0,0,0,0,0,0,0,0,1,0,0,0,0,0,0,0,0,1,1,0,0,0,1,0,0,0,1,0,1,0,0,0,1,0,0,0,0,1,0,0,0,0,0,0,154.0,4.0,2.97,3.23,5500.0,68.0,6229
118,1.0,93.7,167.3,63.8,50.8,1989.0,4,90.0,9.4,31,38,0,0,0,0,0,0,0,0,0,0,0,0,0,0,1,0,0,0,0,0,0,0,0,1,1,0,0,0,0,1,0,0,1,0,1,0,0,0,1,0,0,0,0,1,0,0,0,0,0,0,154.0,4.0,2.97,3.23,5500.0,68.0,6692
119,1.0,93.7,167.3,63.8,50.8,2191.0,4,98.0,9.4,31,38,0,0,0,0,0,0,0,0,0,0,0,0,0,0,1,0,0,0,0,0,0,0,0,1,1,0,0,0,0,1,0,0,1,0,1,0,0,0,1,0,0,0,0,1,0,0,0,0,0,0,154.0,4.0,2.97,3.23,5500.0,68.0,7609
120,-1.0,103.3,174.6,64.6,59.8,2535.0,4,122.0,8.5,24,30,0,0,0,0,0,0,0,0,0,0,0,0,0,0,1,0,0,0,0,0,0,0,0,1,1,0,0,0,0,0,1,0,1,0,1,0,0,0,1,0,0,0,0,1,0,0,0,0,0,0,74.0,4.0,3.35,3.46,5000.0,88.0,8921
121,3.0,95.9,173.2,66.3,50.2,2818.0,4,156.0,7.0,19,24,0,0,0,0,0,0,0,0,0,0,0,0,0,0,1,0,0,0,0,0,0,0,0,1,0,1,0,0,1,0,0,0,0,1,1,0,0,0,1,0,0,0,0,0,0,0,0,0,1,0,122.0,2.0,3.59,3.86,5000.0,145.0,12764
122,3.0,94.5,168.9,68.3,50.2,2778.0,4,151.0,9.5,19,27,0,0,0,0,0,0,0,0,0,0,0,0,0,0,0,1,0,0,0,0,0,0,0,1,1,0,0,0,1,0,0,0,0,1,1,0,0,0,1,0,0,0,0,0,0,0,0,1,0,0,186.0,2.0,3.94,3.11,5500.0,143.0,22018
123,3.0,89.5,168.9,65.0,51.6,2756.0,6,194.0,9.5,17,25,0,0,0,0,0,0,0,0,0,0,0,0,0,0,0,1,0,0,0,0,0,0,0,1,1,0,0,1,0,0,0,0,0,1,0,1,0,0,0,1,0,0,0,0,0,0,0,1,0,0,122.0,2.0,3.74,2.9,5900.0,207.0,32528
124,3.0,89.5,168.9,65.0,51.6,2756.0,6,194.0,9.5,17,25,0,0,0,0,0,0,0,0,0,0,0,0,0,0,0,1,0,0,0,0,0,0,0,1,1,0,0,1,0,0,0,0,0,1,0,1,0,0,0,1,0,0,0,0,0,0,0,1,0,0,122.0,2.0,3.74,2.9,5900.0,207.0,34028
125,3.0,89.5,168.9,65.0,51.6,2800.0,6,194.0,9.5,17,25,0,0,0,0,0,0,0,0,0,0,0,0,0,0,0,1,0,0,0,0,0,0,0,1,1,0,1,0,0,0,0,0,0,1,0,1,0,0,0,1,0,0,0,0,0,0,0,1,0,0,122.0,2.0,3.74,2.9,5900.0,207.0,37028
126,0.0,96.1,181.5,66.5,55.2,2579.0,4,132.0,8.7,23,31,0,0,0,0,0,0,0,0,0,0,0,0,0,0,0,0,1,0,0,0,0,0,0,1,1,0,0,0,0,0,1,0,1,0,1,0,0,0,1,0,0,0,0,0,0,0,0,1,0,0,122.0,4.0,3.46,3.9,5117.587939698493,103.39698492462311,9295
127,2.0,96.1,176.8,66.6,50.5,2460.0,4,132.0,8.7,23,31,0,0,0,0,0,0,0,0,0,0,0,0,0,0,0,0,1,0,0,0,0,0,0,1,1,0,0,0,1,0,0,0,1,0,1,0,0,0,1,0,0,0,0,0,0,0,0,1,0,0,122.0,2.0,3.46,3.9,5117.587939698493,103.39698492462311,9895
128,3.0,99.1,186.6,66.5,56.1,2658.0,4,121.0,9.31,21,28,0,0,0,0,0,0,0,0,0,0,0,0,0,0,0,0,0,1,0,0,0,0,0,1,1,0,0,0,1,0,0,0,1,0,1,0,0,0,1,0,0,0,0,0,0,0,0,1,0,0,150.0,2.0,3.54,3.07,5250.0,110.0,11850
129,2.0,99.1,186.6,66.5,56.1,2695.0,4,121.0,9.3,21,28,0,0,0,0,0,0,0,0,0,0,0,0,0,0,0,0,0,1,0,0,0,0,0,1,1,0,0,0,0,1,0,0,1,0,1,0,0,0,1,0,0,0,0,0,0,0,0,1,0,0,104.0,4.0,3.54,3.07,5250.0,110.0,12170
130,3.0,99.1,186.6,66.5,56.1,2707.0,4,121.0,9.3,21,28,0,0,0,0,0,0,0,0,0,0,0,0,0,0,0,0,0,1,0,0,0,0,0,1,1,0,0,0,1,0,0,0,1,0,1,0,0,0,1,0,0,0,0,0,0,0,0,1,0,0,150.0,2.0,2.54,2.07,5250.0,110.0,15040
131,2.0,99.1,186.6,66.5,56.1,2758.0,4,121.0,9.3,21,28,0,0,0,0,0,0,0,0,0,0,0,0,0,0,0,0,0,1,0,0,0,0,0,1,1,0,0,0,0,1,0,0,1,0,1,0,0,0,1,0,0,0,0,0,0,0,0,1,0,0,104.0,4.0,3.54,3.07,5250.0,110.0,15510
132,3.0,99.1,186.6,66.5,56.1,2808.0,4,121.0,9.0,19,26,0,0,0,0,0,0,0,0,0,0,0,0,0,0,0,0,0,1,0,0,0,0,0,1,0,1,0,0,1,0,0,0,1,0,1,0,1,0,0,0,0,0,0,0,0,0,0,1,0,0,150.0,2.0,3.54,3.07,5500.0,160.0,18150
133,2.0,99.1,186.6,66.5,56.1,2847.0,4,121.0,9.0,19,26,0,0,0,0,0,0,0,0,0,0,0,0,0,0,0,0,0,1,0,0,0,0,0,1,0,1,0,0,0,1,0,0,1,0,1,0,1,0,0,0,0,0,0,0,0,0,0,1,0,0,104.0,4.0,3.54,3.07,5500.0,160.0,18620
134,2.0,93.7,156.9,63.4,53.7,2050.0,4,97.0,9.0,31,36,0,0,0,0,0,0,0,0,0,0,0,0,0,0,0,0,0,0,1,0,0,0,0,1,1,0,0,0,1,0,0,0,1,0,1,0,0,0,0,1,0,0,0,1,0,0,0,0,0,0,83.0,2.0,3.62,2.36,4900.0,69.0,5118
135,2.0,93.7,157.9,63.6,53.7,2120.0,4,108.0,8.7,26,31,0,0,0,0,0,0,0,0,0,0,0,0,0,0,0,0,0,0,1,0,0,0,0,1,1,0,0,0,1,0,0,0,1,0,1,0,0,0,0,1,0,0,0,1,0,0,0,0,0,0,83.0,2.0,3.62,2.64,4400.0,73.0,7053
136,2.0,93.3,157.3,63.8,55.7,2240.0,4,108.0,8.7,26,31,0,0,0,0,0,0,0,0,0,0,0,0,0,0,0,0,0,0,1,0,0,0,0,1,1,0,0,0,1,0,0,1,0,0,1,0,0,0,0,1,0,0,0,1,0,0,0,0,0,0,83.0,2.0,3.62,2.64,4400.0,73.0,7603
137,0.0,97.2,172.0,65.4,52.5,2145.0,4,108.0,9.5,32,37,0,0,0,0,0,0,0,0,0,0,0,0,0,0,0,0,0,0,1,0,0,0,0,1,1,0,0,0,0,1,0,0,1,0,1,0,0,0,0,1,0,0,0,1,0,0,0,0,0,0,102.0,4.0,3.62,2.64,4800.0,82.0,7126
138,0.0,97.2,172.0,65.4,52.5,2190.0,4,108.0,9.5,28,33,0,0,0,0,0,0,0,0,0,0,0,0,0,0,0,0,0,0,1,0,0,0,0,1,1,0,0,0,0,1,0,0,1,0,1,0,0,0,0,1,0,0,0,1,0,0,0,0,0,0,102.0,4.0,3.62,2.64,4400.0,82.0,7775
139,0.0,97.2,172.0,65.4,52.5,2340.0,4,108.0,9.0,26,32,0,0,0,0,0,0,0,0,0,0,0,0,0,0,0,0,0,0,1,0,0,0,0,1,1,0,0,0,0,1,0,0,1,0,1,0,0,0,0,1,0,0,0,0,0,0,0,1,0,0,102.0,4.0,3.62,2.64,5200.0,94.0,9960
140,0.0,97.0,172.0,65.4,54.3,2385.0,4,108.0,9.0,24,25,0,0,0,0,0,0,0,0,0,0,0,0,0,0,0,0,0,0,1,0,0,0,0,1,1,0,0,0,0,1,0,1,0,0,1,0,0,0,0,1,0,0,0,1,0,0,0,0,0,0,102.0,4.0,3.62,2.64,4800.0,82.0,9233
141,0.0,97.0,172.0,65.4,54.3,2510.0,4,108.0,7.7,24,29,0,0,0,0,0,0,0,0,0,0,0,0,0,0,0,0,0,0,1,0,0,0,0,1,0,1,0,0,0,1,0,1,0,0,1,0,0,0,0,1,0,0,0,0,0,0,0,1,0,0,102.0,4.0,3.62,2.64,4800.0,111.0,11259
142,0.0,97.0,173.5,65.4,53.0,2290.0,4,108.0,9.0,28,32,0,0,0,0,0,0,0,0,0,0,0,0,0,0,0,0,0,0,1,0,0,0,0,1,1,0,0,0,0,0,1,0,1,0,1,0,0,0,0,1,0,0,0,1,0,0,0,0,0,0,89.0,4.0,3.62,2.64,4800.0,82.0,7463
143,0.0,97.0,173.5,65.4,53.0,2455.0,4,108.0,9.0,25,31,0,0,0,0,0,0,0,0,0,0,0,0,0,0,0,0,0,0,1,0,0,0,0,1,1,0,0,0,0,0,1,0,1,0,1,0,0,0,0,1,0,0,0,0,0,0,0,1,0,0,89.0,4.0,3.62,2.64,5200.0,94.0,10198
144,0.0,96.9,173.6,65.4,54.9,2420.0,4,108.0,9.0,23,29,0,0,0,0,0,0,0,0,0,0,0,0,0,0,0,0,0,0,1,0,0,0,0,1,1,0,0,0,0,0,1,1,0,0,1,0,0,0,0,1,0,0,0,1,0,0,0,0,0,0,85.0,4.0,3.62,2.64,4800.0,82.0,8013
145,0.0,96.9,173.6,65.4,54.9,2650.0,4,108.0,7.7,23,23,0,0,0,0,0,0,0,0,0,0,0,0,0,0,0,0,0,0,1,0,0,0,0,1,0,1,0,0,0,0,1,1,0,0,1,0,0,0,0,1,0,0,0,0,0,0,0,1,0,0,85.0,4.0,3.62,2.64,4800.0,111.0,11694
146,1.0,95.7,158.7,63.6,54.5,1985.0,4,92.0,9.0,35,39,0,0,0,0,0,0,0,0,0,0,0,0,0,0,0,0,0,0,0,1,0,0,0,1,1,0,0,0,1,0,0,0,1,0,1,0,0,0,1,0,0,0,0,1,0,0,0,0,0,0,87.0,2.0,3.05,3.03,4800.0,62.0,5348
147,1.0,95.7,158.7,63.6,54.5,2040.0,4,92.0,9.0,31,38,0,0,0,0,0,0,0,0,0,0,0,0,0,0,0,0,0,0,0,1,0,0,0,1,1,0,0,0,1,0,0,0,1,0,1,0,0,0,1,0,0,0,0,1,0,0,0,0,0,0,87.0,2.0,3.05,3.03,4800.0,62.0,6338
148,1.0,95.7,158.7,63.6,54.5,2015.0,4,92.0,9.0,31,38,0,0,0,0,0,0,0,0,0,0,0,0,0,0,0,0,0,0,0,1,0,0,0,1,1,0,0,0,1,0,0,0,1,0,1,0,0,0,1,0,0,0,0,1,0,0,0,0,0,0,74.0,4.0,3.05,3.03,4800.0,62.0,6488
149,0.0,95.7,169.7,63.6,59.1,2280.0,4,92.0,9.0,31,37,0,0,0,0,0,0,0,0,0,0,0,0,0,0,0,0,0,0,0,1,0,0,0,1,1,0,0,0,0,0,1,0,1,0,1,0,0,0,1,0,0,0,0,1,0,0,0,0,0,0,77.0,4.0,3.05,3.03,4800.0,62.0,6918
150,0.0,95.7,169.7,63.6,59.1,2290.0,4,92.0,9.0,27,32,0,0,0,0,0,0,0,0,0,0,0,0,0,0,0,0,0,0,0,1,0,0,0,1,1,0,0,0,0,0,1,1,0,0,1,0,0,0,1,0,0,0,0,1,0,0,0,0,0,0,81.0,4.0,3.05,3.03,4800.0,62.0,7898
151,0.0,95.7,169.7,63.6,59.1,3110.0,4,92.0,9.0,27,32,0,0,0,0,0,0,0,0,0,0,0,0,0,0,0,0,0,0,0,1,0,0,0,1,1,0,0,0,0,0,1,1,0,0,1,0,0,0,1,0,0,0,0,1,0,0,0,0,0,0,91.0,4.0,3.05,3.03,4800.0,62.0,8778
152,0.0,95.7,166.3,64.4,53.0,2081.0,4,98.0,9.0,30,37,0,0,0,0,0,0,0,0,0,0,0,0,0,0,0,0,0,0,0,1,0,0,0,1,1,0,0,0,0,1,0,0,1,0,1,0,0,0,1,0,0,0,0,1,0,0,0,0,0,0,91.0,4.0,3.19,3.03,4800.0,70.0,6938
153,0.0,95.7,166.3,64.4,52.8,2109.0,4,98.0,9.0,30,37,0,0,0,0,0,0,0,0,0,0,0,0,0,0,0,0,0,0,0,1,0,0,0,1,1,0,0,0,1,0,0,0,1,0,1,0,0,0,1,0,0,0,0,1,0,0,0,0,0,0,91.0,4.0,3.19,3.03,4800.0,70.0,7198
154,0.0,95.7,166.3,64.4,53.0,2275.0,4,110.0,22.5,34,36,0,0,0,0,0,0,0,0,0,0,0,0,0,0,0,0,0,0,0,1,0,0,1,0,1,0,0,0,0,1,0,0,1,0,1,0,0,0,1,0,0,0,0,0,0,1,0,0,0,0,91.0,4.0,3.27,3.35,4500.0,56.0,7898
155,0.0,95.7,166.3,64.4,52.8,2275.0,4,110.0,22.5,38,47,0,0,0,0,0,0,0,0,0,0,0,0,0,0,0,0,0,0,0,1,0,0,1,0,1,0,0,0,1,0,0,0,1,0,1,0,0,0,1,0,0,0,0,0,0,1,0,0,0,0,91.0,4.0,3.27,3.35,4500.0,56.0,7788
156,0.0,95.7,166.3,64.4,53.0,2094.0,4,98.0,9.0,38,47,0,0,0,0,0,0,0,0,0,0,0,0,0,0,0,0,0,0,0,1,0,0,0,1,1,0,0,0,0,1,0,0,1,0,1,0,0,0,1,0,0,0,0,1,0,0,0,0,0,0,91.0,4.0,3.19,3.03,4800.0,70.0,7738
157,0.0,95.7,166.3,64.4,52.8,2122.0,4,98.0,9.0,28,34,0,0,0,0,0,0,0,0,0,0,0,0,0,0,0,0,0,0,0,1,0,0,0,1,1,0,0,0,1,0,0,0,1,0,1,0,0,0,1,0,0,0,0,1,0,0,0,0,0,0,91.0,4.0,3.19,3.03,4800.0,70.0,8358
158,0.0,95.7,166.3,64.4,52.8,2140.0,4,98.0,9.0,28,34,0,0,0,0,0,0,0,0,0,0,0,0,0,0,0,0,0,0,0,1,0,0,0,1,1,0,0,0,0,1,0,0,1,0,1,0,0,0,1,0,0,0,0,1,0,0,0,0,0,0,91.0,4.0,3.19,3.03,4800.0,70.0,9258
159,1.0,94.5,168.7,64.0,52.6,2169.0,4,98.0,9.0,29,34,0,0,0,0,0,0,0,0,0,0,0,0,0,0,0,0,0,0,0,1,0,0,0,1,1,0,0,0,0,1,0,0,0,1,1,0,0,0,1,0,0,0,0,1,0,0,0,0,0,0,168.0,2.0,3.19,3.03,4800.0,70.0,8058
160,1.0,94.5,168.7,64.0,52.6,2204.0,4,98.0,9.0,29,34,0,0,0,0,0,0,0,0,0,0,0,0,0,0,0,0,0,0,0,1,0,0,0,1,1,0,0,0,1,0,0,0,0,1,1,0,0,0,1,0,0,0,0,1,0,0,0,0,0,0,168.0,2.0,3.19,3.03,4800.0,70.0,8238
161,1.0,94.5,168.7,64.0,52.6,2265.0,4,98.0,9.4,26,29,0,0,0,0,0,0,0,0,0,0,0,0,0,0,0,0,0,0,0,1,0,0,0,1,1,0,0,0,0,1,0,0,0,1,1,0,1,0,0,0,0,0,0,0,0,0,0,1,0,0,168.0,2.0,3.24,3.08,6600.0,112.0,9298
162,1.0,94.5,168.7,64.0,52.6,2300.0,4,98.0,9.4,26,29,0,0,0,0,0,0,0,0,0,0,0,0,0,0,0,0,0,0,0,1,0,0,0,1,1,0,0,0,1,0,0,0,0,1,1,0,1,0,0,0,0,0,0,0,0,0,0,1,0,0,168.0,2.0,3.24,3.08,6600.0,112.0,9538
163,2.0,98.4,176.2,65.6,52.0,2540.0,4,146.0,9.3,24,30,0,0,0,0,0,0,0,0,0,0,0,0,0,0,0,0,0,0,0,1,0,0,0,1,1,0,0,1,0,0,0,0,0,1,1,0,0,0,1,0,0,0,0,0,0,0,0,1,0,0,134.0,2.0,3.62,3.5,4800.0,116.0,8449
164,2.0,98.4,176.2,65.6,52.0,2536.0,4,146.0,9.3,24,30,0,0,0,0,0,0,0,0,0,0,0,0,0,0,0,0,0,0,0,1,0,0,0,1,1,0,0,1,0,0,0,0,0,1,1,0,0,0,1,0,0,0,0,0,0,0,0,1,0,0,134.0,2.0,3.62,3.5,4800.0,116.0,9639
165,2.0,98.4,176.2,65.6,52.0,2551.0,4,146.0,9.3,24,30,0,0,0,0,0,0,0,0,0,0,0,0,0,0,0,0,0,0,0,1,0,0,0,1,1,0,0,0,1,0,0,0,0,1,1,0,0,0,1,0,0,0,0,0,0,0,0,1,0,0,134.0,2.0,3.62,3.5,4800.0,116.0,9989
166,2.0,98.4,176.2,65.6,52.0,2679.0,4,146.0,9.3,24,30,0,0,0,0,0,0,0,0,0,0,0,0,0,0,0,0,0,0,0,1,0,0,0,1,1,0,0,1,0,0,0,0,0,1,1,0,0,0,1,0,0,0,0,0,0,0,0,1,0,0,134.0,2.0,3.62,3.5,4800.0,116.0,11199
167,2.0,98.4,176.2,65.6,52.0,2714.0,4,146.0,9.3,24,30,0,0,0,0,0,0,0,0,0,0,0,0,0,0,0,0,0,0,0,1,0,0,0,1,1,0,0,0,1,0,0,0,0,1,1,0,0,0,1,0,0,0,0,0,0,0,0,1,0,0,134.0,2.0,3.62,3.5,4800.0,116.0,11549
168,2.0,98.4,176.2,65.6,53.0,2975.0,4,146.0,9.3,24,30,0,0,0,0,0,0,0,0,0,0,0,0,0,0,0,0,0,0,0,1,0,0,0,1,1,0,1,0,0,0,0,0,0,1,1,0,0,0,1,0,0,0,0,0,0,0,0,1,0,0,134.0,2.0,3.62,3.5,4800.0,116.0,17669
169,-1.0,102.4,175.6,66.5,54.9,2326.0,4,122.0,8.7,29,34,0,0,0,0,0,0,0,0,0,0,0,0,0,0,0,0,0,0,0,1,0,0,0,1,1,0,0,0,0,1,0,0,1,0,1,0,0,0,1,0,0,0,0,0,0,0,0,1,0,0,65.0,4.0,3.31,3.54,4200.0,92.0,8948
170,-1.0,102.4,175.6,66.5,54.9,2480.0,4,110.0,22.5,30,33,0,0,0,0,0,0,0,0,0,0,0,0,0,0,0,0,0,0,0,1,0,0,1,0,0,1,0,0,0,1,0,0,1,0,1,0,0,0,1,0,0,0,0,0,0,1,0,0,0,0,65.0,4.0,3.27,3.35,4500.0,73.0,10698
171,-1.0,102.4,175.6,66.5,53.9,2414.0,4,122.0,8.7,27,32,0,0,0,0,0,0,0,0,0,0,0,0,0,0,0,0,0,0,0,1,0,0,0,1,1,0,0,0,1,0,0,0,1,0,1,0,0,0,1,0,0,0,0,0,0,0,0,1,0,0,65.0,4.0,3.31,3.54,4200.0,92.0,9988
172,-1.0,102.4,175.6,66.5,54.9,2414.0,4,122.0,8.7,27,32,0,0,0,0,0,0,0,0,0,0,0,0,0,0,0,0,0,0,0,1,0,0,0,1,1,0,0,0,0,1,0,0,1,0,1,0,0,0,1,0,0,0,0,0,0,0,0,1,0,0,65.0,4.0,3.31,3.54,4200.0,92.0,10898
173,-1.0,102.4,175.6,66.5,53.9,2458.0,4,122.0,8.7,27,32,0,0,0,0,0,0,0,0,0,0,0,0,0,0,0,0,0,0,0,1,0,0,0,1,1,0,0,0,1,0,0,0,1,0,1,0,0,0,1,0,0,0,0,0,0,0,0,1,0,0,65.0,4.0,3.31,3.54,4200.0,92.0,11248
174,3.0,102.9,183.5,67.7,52.0,2976.0,6,171.0,9.3,20,24,0,0,0,0,0,0,0,0,0,0,0,0,0,0,0,0,0,0,0,1,0,0,0,1,1,0,0,0,1,0,0,0,0,1,1,0,1,0,0,0,0,0,0,0,0,0,0,1,0,0,197.0,2.0,3.27,3.35,5200.0,161.0,16558
175,3.0,102.9,183.5,67.7,52.0,3016.0,6,171.0,9.3,19,24,0,0,0,0,0,0,0,0,0,0,0,0,0,0,0,0,0,0,0,1,0,0,0,1,1,0,0,0,1,0,0,0,0,1,1,0,1,0,0,0,0,0,0,0,0,0,0,1,0,0,197.0,2.0,3.27,3.35,5200.0,161.0,15998
176,-1.0,104.5,187.8,66.5,54.1,3131.0,6,171.0,9.2,20,24,0,0,0,0,0,0,0,0,0,0,0,0,0,0,0,0,0,0,0,1,0,0,0,1,1,0,0,0,0,1,0,0,0,1,1,0,1,0,0,0,0,0,0,0,0,0,0,1,0,0,90.0,4.0,3.27,3.35,5200.0,156.0,15690
177,-1.0,104.5,187.8,66.5,54.1,3151.0,6,161.0,9.2,19,24,0,0,0,0,0,0,0,0,0,0,0,0,0,0,0,0,0,0,0,1,0,0,0,1,1,0,0,0,0,0,1,0,0,1,1,0,1,0,0,0,0,0,0,0,0,0,0,1,0,0,122.0,4.0,3.27,3.35,5200.0,156.0,15750
178,2.0,97.3,171.7,65.5,55.7,2261.0,4,97.0,23.0,37,46,0,0,0,0,0,0,0,0,0,0,0,0,0,0,0,0,0,0,0,0,1,0,1,0,1,0,0,0,0,1,0,0,1,0,1,0,0,0,1,0,0,0,0,0,0,1,0,0,0,0,122.0,2.0,3.01,3.4,4800.0,52.0,7775
179,2.0,97.3,171.7,65.5,55.7,2209.0,4,109.0,9.0,27,34,0,0,0,0,0,0,0,0,0,0,0,0,0,0,0,0,0,0,0,0,1,0,0,1,1,0,0,0,0,1,0,0,1,0,1,0,0,0,1,0,0,0,0,0,0,0,0,1,0,0,122.0,2.0,3.19,3.4,5250.0,85.0,7975
180,2.0,97.3,171.7,65.5,55.7,2264.0,4,97.0,23.0,37,46,0,0,0,0,0,0,0,0,0,0,0,0,0,0,0,0,0,0,0,0,1,0,1,0,1,0,0,0,0,1,0,0,1,0,1,0,0,0,1,0,0,0,0,0,0,1,0,0,0,0,94.0,4.0,3.01,3.4,4800.0,52.0,7995
181,2.0,97.3,171.7,65.5,55.7,2212.0,4,109.0,9.0,27,34,0,0,0,0,0,0,0,0,0,0,0,0,0,0,0,0,0,0,0,0,1,0,0,1,1,0,0,0,0,1,0,0,1,0,1,0,0,0,1,0,0,0,0,0,0,0,0,1,0,0,94.0,4.0,3.19,3.4,5250.0,85.0,8195
182,2.0,97.3,171.7,65.5,55.7,2275.0,4,109.0,9.0,27,34,0,0,0,0,0,0,0,0,0,0,0,0,0,0,0,0,0,0,0,0,1,0,0,1,1,0,0,0,0,1,0,0,1,0,1,0,0,0,1,0,0,0,0,0,0,0,0,1,0,0,94.0,4.0,3.19,3.4,5250.0,85.0,8495
183,2.0,97.3,171.7,65.5,55.7,2319.0,4,97.0,23.0,37,42,0,0,0,0,0,0,0,0,0,0,0,0,0,0,0,0,0,0,0,0,1,0,1,0,0,1,0,0,0,1,0,0,1,0,1,0,0,0,1,0,0,0,0,0,0,1,0,0,0,0,94.0,4.0,3.01,3.4,4500.0,68.0,9495
184,2.0,97.3,171.7,65.5,55.7,2300.0,4,109.0,10.0,26,32,0,0,0,0,0,0,0,0,0,0,0,0,0,0,0,0,0,0,0,0,1,0,0,1,1,0,0,0,0,1,0,0,1,0,1,0,0,0,1,0,0,0,0,0,0,0,0,1,0,0,94.0,4.0,3.19,3.4,5500.0,100.0,9995
185,3.0,94.5,159.3,64.2,55.6,2254.0,4,109.0,8.5,24,29,0,0,0,0,0,0,0,0,0,0,0,0,0,0,0,0,0,0,0,0,1,0,0,1,1,0,1,0,0,0,0,0,1,0,1,0,0,0,1,0,0,0,0,0,0,0,0,1,0,0,122.0,2.0,3.19,3.4,5500.0,90.0,11595
186,3.0,94.5,165.7,64.0,51.4,2221.0,4,109.0,8.5,24,29,0,0,0,0,0,0,0,0,0,0,0,0,0,0,0,0,0,0,0,0,1,0,0,1,1,0,0,0,1,0,0,0,1,0,1,0,0,0,1,0,0,0,0,0,0,0,0,1,0,0,256.0,2.0,3.19,3.4,5500.0,90.0,9980
187,0.0,100.4,180.2,66.9,55.1,2661.0,5,136.0,8.5,19,24,0,0,0,0,0,0,0,0,0,0,0,0,0,0,0,0,0,0,0,0,1,0,0,1,1,0,0,0,0,1,0,0,1,0,1,0,0,0,1,0,0,0,0,0,0,0,0,1,0,0,122.0,4.0,3.19,3.4,5500.0,110.0,13295
188,0.0,100.4,180.2,66.9,55.1,2579.0,4,97.0,23.0,33,38,0,0,0,0,0,0,0,0,0,0,0,0,0,0,0,0,0,0,0,0,1,0,1,0,0,1,0,0,0,1,0,0,1,0,1,0,0,0,1,0,0,0,0,0,0,1,0,0,0,0,122.0,4.0,3.01,3.4,4500.0,68.0,13845
189,0.0,100.4,183.1,66.9,55.1,2563.0,4,109.0,9.0,25,31,0,0,0,0,0,0,0,0,0,0,0,0,0,0,0,0,0,0,0,0,1,0,0,1,1,0,0,0,0,0,1,0,1,0,1,0,0,0,1,0,0,0,0,0,0,0,0,1,0,0,122.0,4.0,3.19,3.4,5500.0,88.0,12290
190,-2.0,104.3,188.8,67.2,56.2,2912.0,4,141.0,9.5,23,28,0,0,0,0,0,0,0,0,0,0,0,0,0,0,0,0,0,0,0,0,0,1,0,1,1,0,0,0,0,1,0,0,0,1,1,0,0,0,1,0,0,0,0,0,0,0,0,1,0,0,103.0,4.0,3.78,3.15,5400.0,114.0,12940
191,-1.0,104.3,188.8,67.2,57.5,3034.0,4,141.0,9.5,23,28,0,0,0,0,0,0,0,0,0,0,0,0,0,0,0,0,0,0,0,0,0,1,0,1,1,0,0,0,0,0,1,0,0,1,1,0,0,0,1,0,0,0,0,0,0,0,0,1,0,0,74.0,4.0,3.78,3.15,5400.0,114.0,13415
192,-2.0,104.3,188.8,67.2,56.2,2935.0,4,141.0,9.5,24,28,0,0,0,0,0,0,0,0,0,0,0,0,0,0,0,0,0,0,0,0,0,1,0,1,1,0,0,0,0,1,0,0,0,1,1,0,0,0,1,0,0,0,0,0,0,0,0,1,0,0,103.0,4.0,3.78,3.15,5400.0,114.0,15985
193,-1.0,104.3,188.8,67.2,57.5,3042.0,4,141.0,9.5,24,28,0,0,0,0,0,0,0,0,0,0,0,0,0,0,0,0,0,0,0,0,0,1,0,1,1,0,0,0,0,0,1,0,0,1,1,0,0,0,1,0,0,0,0,0,0,0,0,1,0,0,74.0,4.0,3.78,3.15,5400.0,114.0,16515
194,-2.0,104.3,188.8,67.2,56.2,3045.0,4,130.0,7.5,17,22,0,0,0,0,0,0,0,0,0,0,0,0,0,0,0,0,0,0,0,0,0,1,0,1,0,1,0,0,0,1,0,0,0,1,1,0,0,0,1,0,0,0,0,0,0,0,0,1,0,0,103.0,4.0,3.62,3.15,5100.0,162.0,18420
195,-1.0,104.3,188.8,67.2,57.5,3157.0,4,130.0,7.5,17,22,0,0,0,0,0,0,0,0,0,0,0,0,0,0,0,0,0,0,0,0,0,1,0,1,0,1,0,0,0,0,1,0,0,1,1,0,0,0,1,0,0,0,0,0,0,0,0,1,0,0,74.0,4.0,3.62,3.15,5100.0,162.0,18950
196,-1.0,109.1,188.8,68.9,55.5,2952.0,4,141.0,9.5,23,28,0,0,0,0,0,0,0,0,0,0,0,0,0,0,0,0,0,0,0,0,0,1,0,1,1,0,0,0,0,1,0,0,0,1,1,0,0,0,1,0,0,0,0,0,0,0,0,1,0,0,95.0,4.0,3.78,3.15,5400.0,114.0,16845
197,-1.0,109.1,188.8,68.8,55.5,3049.0,4,141.0,8.7,19,25,0,0,0,0,0,0,0,0,0,0,0,0,0,0,0,0,0,0,0,0,0,1,0,1,0,1,0,0,0,1,0,0,0,1,1,0,0,0,1,0,0,0,0,0,0,0,0,1,0,0,95.0,4.0,3.78,3.15,5300.0,160.0,19045
198,-1.0,109.1,188.8,68.9,55.5,3012.0,6,173.0,8.8,18,23,0,0,0,0,0,0,0,0,0,0,0,0,0,0,0,0,0,0,0,0,0,1,0,1,1,0,0,0,0,1,0,0,0,1,1,0,0,0,0,0,1,0,0,0,0,0,0,1,0,0,95.0,4.0,3.58,2.87,5500.0,134.0,21485
199,-1.0,109.1,188.8,68.9,55.5,3217.0,6,145.0,23.0,26,27,0,0,0,0,0,0,0,0,0,0,0,0,0,0,0,0,0,0,0,0,0,1,1,0,0,1,0,0,0,1,0,0,0,1,1,0,0,0,1,0,0,0,0,0,0,1,0,0,0,0,95.0,4.0,3.01,3.4,4800.0,106.0,22470
200,-1.0,109.1,188.8,68.9,55.5,3062.0,4,141.0,9.5,19,25,0,0,0,0,0,0,0,0,0,0,0,0,0,0,0,0,0,0,0,0,0,1,0,1,0,1,0,0,0,1,0,0,0,1,1,0,0,0,1,0,0,0,0,0,0,0,0,1,0,0,95.0,4.0,3.78,3.15,5400.0,114.0,22625
